TIME;JPN_inflation;USA_inflation;OECD_inflation;EU19_inflation;AUS_shareprice;CAN_shareprice;JPN_shareprice;USA_shareprice;EU19_shareprice;AUS_m1;JPN_m1;USA_m1;OECD_m1;EA19_m1
Jan-93;1.3;3.258508;4.811675;1.6;27.97681;23.05216;82.36322;23.73477;28.30943;8.613997;25.06713;34.09954;15.09149;18.68263
Feb-93;1.4;3.246753;4.780497;1.8;28.9964;24.07189;83.41331;24.10519;29.99915;8.760245;25.08415;34.20213;15.20865;18.00406
Mar-93;1.2;3.086863;4.646151;1.7;30.29091;25.12321;87.79287;24.5713;31.13988;8.906493;25.13989;34.36429;15.3241;17.95495
Apr-93;0.9;3.225806;4.631979;1.6;30.85897;26.42713;100.3417;24.23496;31.1218;9.045428;25.27317;34.66875;15.46957;18.04393
May-93;0.9;3.221188;4.657243;1.8;30.89174;27.07759;104.4015;24.36321;30.74761;9.169739;25.60391;35.27436;15.76097;18.17636
Jun-93;0.9;2.99572;4.611157;1.6;31.35056;27.66124;104.0915;24.47691;31.35058;9.345236;25.5628;35.57882;15.90796;18.49339
Jul-93;1.9;2.775801;4.784808;1.2;32.64507;27.66724;104.4931;24.54492;32.69098;9.462234;25.64155;35.89321;16.0194;18.59723
Aug-93;1.9;2.76792;4.762543;1.2;34.39294;28.85504;107.4486;24.94888;35.19073;9.374486;25.65147;36.2109;16.17459;18.39609
Sep-93;1.5;2.689313;4.601263;1.2;34.61324;27.83029;107.0857;25.23904;35.1194;9.411048;25.58021;36.54184;16.32009;18.46058
Oct-93;1.3;2.750353;4.579489;1.5;36.42848;29.6779;105.9963;25.5033;36.2457;9.615795;25.68842;36.83637;16.46344;18.69838
Nov-93;0.9;2.676056;4.469679;1.5;36.69066;29.15255;98.27892;25.34482;36.08109;9.762043;25.78374;37.2004;16.61173;19.05738
Dec-93;1;2.748414;4.512247;1.5;36.88183;30.13741;93.00914;25.52289;37.67854;9.93754;26.04568;37.38242;16.75724;19.86814
Jan-94;1.2;2.524544;4.25833;1.4;39.25784;31.76527;97.83155;25.95653;38.94068;10.13497;26.19069;37.4486;16.89808;19.99541
Feb-94;1.1;2.515723;4.254799;1.3;39.67113;30.85161;102.7964;25.94262;39.33017;10.29585;26.39266;37.60414;17.05985;19.52721
Mar-94;1.3;2.506964;4.247471;1.1;37.80674;30.19453;104.3487;25.48287;38.3731;10.47134;26.58223;37.7299;17.14558;19.56179
Apr-94;0.8;2.361111;4.60868;1;36.46307;29.75865;103.6673;24.55667;38.96793;10.60297;26.753;37.76299;17.2212;19.70682
May-94;0.8;2.288488;4.741904;0.9;36.56503;30.17465;105.8481;24.7144;39.08842;10.6834;26.83074;37.8358;17.36866;19.74716
Jun-94;0.6;2.493075;4.766684;0.8;36.09347;28.07187;108.5548;24.87754;36.54196;10.80771;26.83271;37.89867;17.46186;19.99256
Jul-94;-0.2;2.770083;4.752437;0.9;35.72023;29.1439;106.5558;24.68769;36.657;10.89546;27.00381;38.08069;17.60704;20.13754
Aug-94;0;2.900553;4.894709;0.8;36.77441;30.33317;106.2439;25.36024;37.71161;10.93934;27.15569;38.07738;17.74467;19.8646
Sep-94;0.2;2.963474;4.963564;1;36.31924;30.36581;102.4632;25.51085;36.72633;11.00515;27.30996;38.1204;17.84147;19.80655
Oct-94;0.7;2.608099;4.90937;1.1;35.42709;29.92973;101.9275;25.27446;35.47495;11.07827;27.29626;38.06414;17.87589;19.96502
Nov-94;1;2.674897;5.047314;1;34.23272;28.54721;98.35498;25.00329;35.99727;11.10021;27.18553;38.08731;17.91804;20.12331
Dec-94;0.7;2.674897;5.22825;0.9;33.49716;29.38548;98.39559;24.62429;35.72459;11.11483;27.46658;38.08069;17.96264;20.75288
Jan-95;0.6;2.804378;5.467761;1.1;33.10753;28.01768;95.65531;25.11062;35.27135;11.10021;27.5898;38.10385;17.98138;20.71013
Feb-95;0.2;2.862986;5.671313;1.2;33.12756;28.76619;90.80196;25.93257;35.58813;11.07096;27.66224;37.97148;18.01911;20.10007
Mar-95;-0.4;2.853261;5.903456;1.3;33.8176;30.08287;84.62649;26.42236;34.30278;11.08559;27.81658;37.94831;18.08023;20.0226
Apr-95;-0.2;3.052917;5.956033;1.4;35.68745;29.84478;84.0315;27.17155;35.03134;11.07096;28.08604;38.03436;18.18226;20.11361
May-95;0;3.186441;6.071788;1.5;36.38296;31.02456;83.88195;27.90742;36.72398;11.10021;28.38099;37.90198;18.27867;20.26051
Jun-95;0.3;3.04054;6.227985;1.8;35.78577;31.57209;78.8842;28.67153;36.74714;11.14408;28.64716;37.86558;18.37441;20.46789
Jul-95;0.1;2.762803;6.14454;1.9;37.42986;32.1851;83.67954;29.52861;37.60968;11.19527;29.08672;37.9086;18.56108;20.59848
Aug-95;-0.2;2.61745;6.101401;2;38.07985;31.49921;89.44374;29.71381;38.20956;11.27571;29.53084;37.90529;18.76163;20.37895
Sep-95;0.2;2.543507;6.29852;2.1;38.25645;31.59022;92.57273;30.73981;37.93853;11.34152;30.06498;37.79277;18.90577;20.43013
Oct-95;-0.6;2.809365;6.337876;1.8;37.33883;31.09793;92.31295;30.87537;36.66842;11.39271;30.56549;37.63723;19.04295;20.59834
Nov-95;-0.7;2.60521;6.287174;1.9;37.82859;32.50681;92.79771;31.44986;37.31125;11.56089;30.95629;37.53133;19.18492;20.76654
Dec-95;-0.3;2.53841;6.308158;2.2;39.29243;32.87196;99.27486;32.47175;38.2846;11.78757;30.98079;37.31292;19.21205;21.76325
Jan-96;-0.5;2.727878;6.388548;2.2;39.97337;34.64955;103.1097;32.60315;39.99442;11.93382;31.62348;37.18055;19.35122;21.88162
Feb-96;-0.4;2.650762;6.243647;2.1;40.28653;34.40749;102.7951;34.30991;40.90257;12.06545;31.98703;37.01508;19.533;21.12999
Mar-96;-0.1;2.840158;6.18632;2.5;39.86777;34.66629;101.0553;34.33728;41.01781;12.22632;32.16299;37.15076;19.75574;21.14139
Apr-96;0.2;2.896642;5.99013;2.5;39.99158;35.89119;108.11;34.41352;42.24284;12.3945;32.53852;37.22356;19.98416;21.36664
May-96;0.2;2.890933;5.900914;2.5;40.13541;36.5881;107.994;35.14032;42.8684;12.48956;32.77279;36.94889;20.06827;21.48055
Jun-96;0;2.754098;5.695426;2.6;39.38346;35.17706;108.979;35.48436;42.9084;12.54075;33.07591;36.90587;20.15097;21.78773
Jul-96;0.4;2.95082;5.71849;2.1;38.22915;34.37561;105.7082;34.21694;41.71321;12.60656;33.26818;36.81321;20.25449;21.96247
Aug-96;0.2;2.877698;5.621684;2.1;39.57282;35.86999;102.1608;35.1152;41.77584;12.70894;33.55349;36.4558;20.29626;21.71458
Sep-96;0;3.002611;5.50605;2.3;39.70755;36.89962;101.689;35.7465;42.33421;12.79669;33.73149;36.27709;20.44996;21.87524
Oct-96;0.5;2.992843;5.55222;2.8;41.35528;39.04586;102.2414;36.99174;43.86398;12.95756;33.94432;35.92961;20.55171;22.11952
Nov-96;0.5;3.255208;5.563655;3.1;41.9288;41.95992;101.1726;38.49857;44.91196;13.28662;34.20628;35.8568;20.73948;22.39794
Dec-96;0.6;3.322476;5.531104;2.9;41.99799;41.33477;96.96711;38.78163;46.26123;13.49867;34.42242;35.784;21.02857;23.45537
Jan-97;0.6;3.044041;5.335686;2.6;43.10497;42.60787;88.94351;39.9673;49.03579;13.48405;34.81018;35.78069;21.29124;23.55402
Feb-97;0.6;3.034216;5.219106;2.4;43.84053;42.94443;89.38831;41.45096;52.37163;13.62298;35.04449;35.70126;21.46618;22.85742
Mar-97;0.5;2.761721;4.952596;2.3;42.99573;40.7991;88.52709;41.26777;53.57165;13.82773;35.31418;35.49277;21.63459;22.93673
Apr-97;1.9;2.495202;4.810713;2.3;42.80819;41.68068;88.72047;39.71159;53.10168;13.96667;35.41954;35.20817;21.73445;23.05787
May-97;1.9;2.234994;4.649091;2;45.08042;44.50854;96.15295;42.91642;56.33307;14.13485;35.67406;35.20486;21.87973;23.22062
Jun-97;2.2;2.297384;4.707972;2.1;47.27254;44.89643;98.53677;45.26382;58.49399;14.26648;35.89678;35.28098;22.08933;23.76505
Jul-97;1.9;2.229299;4.812664;2.6;48.01902;47.96455;98.48648;47.62737;63.58083;14.4566;35.98457;35.26112;22.28537;24.06126
Aug-97;2.1;2.225048;4.906528;2.5;47.17604;46.11025;95.32397;47.68659;63.55029;14.69791;36.10735;35.58544;22.49565;23.84834
Sep-97;2.4;2.154626;4.933315;2.5;47.80782;49.09817;91.05142;48.49962;62.82212;14.86609;36.40557;35.30745;22.5468;23.92157
Oct-97;2.5;2.084649;4.943909;2.4;46.88473;47.71824;86.58485;49.44086;63.17122;15.08546;36.51068;35.26443;22.70757;24.14211
Nov-97;2.1;1.828499;4.871219;2.1;44.56335;45.41976;79.67902;48.73145;59.74622;15.29021;37.03674;35.43983;22.93863;24.43875
Dec-97;1.8;1.702396;4.799308;1.9;45.58475;46.72152;77.60979;49.97653;62.96557;15.3414;37.72066;35.48616;23.14666;25.24125
Jan-98;1.8;1.571339;4.708634;2;46.8028;46.72682;78.11066;49.9245;65.78465;15.42183;38.29567;35.54242;23.39619;25.29585
Feb-98;1.9;1.441103;4.721824;2.2;47.3836;49.46263;81.83076;52.69964;70.73218;15.48765;38.69557;35.66817;23.51658;24.84056
Mar-98;2.2;1.375;4.707117;2.1;48.68358;52.71255;81.52006;55.5262;77.63531;15.41452;38.44016;35.63839;23.51258;25.0971
Apr-98;0.4;1.435705;4.568633;2.3;50.34406;53.45521;78.77333;57.24488;83.2655;15.48033;38.44334;35.62515;23.5754;25.46063
May-98;0.5;1.686446;4.601847;2.3;49.11509;52.9307;78.26794;56.88943;85.02907;15.72895;38.38655;35.71119;23.6789;25.76631
Jun-98;0.1;1.684342;4.506287;2.3;46.64986;51.37627;76.78403;56.42339;86.58478;15.89714;38.61335;35.61853;23.77577;26.329
Jul-98;-0.1;1.682243;4.333812;2.2;49.16242;48.3394;81.2577;58.07058;90.98455;16.04339;38.93313;35.57882;23.95301;26.40665
Aug-98;-0.3;1.616915;4.107764;2.4;46.42774;38.57086;75.91702;53.39362;83.54809;16.11651;39.21694;35.60529;24.15307;26.00103
Sep-98;-0.2;1.488834;4.010747;2.4;45.20423;39.15256;69.96716;50.16512;73.86164;16.11651;39.41406;35.73767;24.31931;26.07326
Oct-98;0.2;1.485149;3.989408;2.1;44.63435;43.2962;65.98856;50.65313;69.13035;16.1677;39.77964;35.93954;24.47867;26.27098
Nov-98;0.8;1.547988;3.950327;1.9;47.85334;44.24179;71.72697;55.87901;77.46974;16.29932;40.22315;36.23407;24.70713;26.6869
Dec-98;0.6;1.611903;3.831863;2;48.29213;45.23258;71.41821;57.03838;79.80207;16.37244;40.40756;36.23738;24.80243;27.67938
Jan-99;0.2;1.670792;3.654965;2;49.88706;46.93157;69.69578;58.96622;86.23372;16.51138;40.38898;36.33997;24.95586;28.44217
Feb-99;-0.1;1.60593;3.463851;2.1;50.73186;44.02435;71.00049;58.29973;84.96793;16.76;40.90199;36.29364;25.16217;28.36525
Mar-99;-0.4;1.726264;3.507222;2.2;51.76784;46.01262;77.58981;59.78408;85.76428;16.84775;41.81181;36.29033;25.47824;28.28977
Apr-99;-0.1;2.276923;3.769059;2.1;54.4388;48.92012;85.70881;62.16686;88.81543;16.90625;41.89362;36.4558;25.68589;28.56962
May-99;-0.4;2.088452;3.60653;2.2;53.06599;47.71433;85.6611;62.94555;89.01465;16.97937;42.55097;36.5286;25.84458;28.94234
Jun-99;-0.3;1.96319;3.542428;2;52.90759;48.88783;88.82684;62.34271;90.29439;17.02325;43.07426;36.39623;25.99153;29.54164
Jul-99;-0.1;2.144608;3.663638;1.8;54.54804;49.38271;94.99264;64.2543;92.09339;17.09637;43.5364;36.37306;26.17444;29.87351
Aug-99;0.3;2.264382;3.82272;1.7;53.47019;48.61404;94.47437;61.5006;88.92311;17.19874;44.0072;36.37637;26.41846;29.59076
Sep-99;-0.2;2.628362;3.889684;1.7;52.345;48.52275;96.40629;60.19794;91.47824;17.3523;44.49625;36.28702;26.58274;29.52051
Oct-99;-0.7;2.560976;3.79654;2.1;51.1397;50.60447;97.90246;59.32374;90.51405;17.48393;44.78139;36.51205;26.8167;29.77375
Nov-99;-1.2;2.621951;3.777679;2.5;53.43742;52.46658;103.9264;62.80751;98.57719;17.60824;45.18988;36.75695;27.09562;30.10268
Dec-99;-1.1;2.684564;3.912647;2.4;55.99731;58.67702;105.558;63.19875;109.2269;17.84224;45.55579;37.13752;27.54247;30.80815
Jan-00;-0.9;2.738892;3.95508;2.3;56.05965;58.96162;106.8891;62.86602;112.9507;18.09086;45.88483;37.13421;27.91718;31.31901
Feb-00;-0.6;3.221884;4.204381;2.4;56.92743;64.06229;110.4107;59.92387;121.7777;18.21517;46.13908;36.68745;27.93068;31.33287
Mar-00;-0.5;3.757576;4.407821;2.2;58.45414;66.82956;107.1534;61.62468;126.9063;18.22979;46.22878;36.65105;28.05444;31.36032
Apr-00;-0.8;3.068592;3.9188;2.4;56.65877;63.71625;107.1289;64.01819;120.32;18.32485;46.46019;36.91911;28.35287;31.7828
May-00;-0.7;3.188929;3.972699;2.3;55.63911;64.83278;103.7279;63.33833;120.5504;18.5296;46.57463;36.56501;28.41276;31.96519
Jun-00;-0.7;3.730445;4.272343;2.4;57.55772;69.41068;100.965;64.33157;122.0374;18.61735;46.61341;36.48889;28.53232;31.94219
Jul-00;-0.5;3.659268;4.283164;1.9;60.0898;73.68076;100.0677;64.67895;121.7755;18.65391;46.64891;36.51867;28.69502;32.05093
Aug-00;-0.8;3.411131;4.052773;2.1;60.52134;76.22492;96.27028;65.96814;120.6888;18.94641;46.77654;36.40947;28.76916;31.77467
Sep-00;-0.8;3.454437;4.054045;2.2;59.92294;75.42292;95.65789;66.10835;120.1704;19.16578;46.78326;36.39292;28.80845;31.61178
Oct-00;-0.9;3.448276;3.89985;2.1;59.38992;70.73071;93.21606;64.02615;114.0913;19.33396;47.29331;36.35983;28.93756;31.71255
Nov-00;-0.5;3.446227;3.912845;2;60.20786;64.1326;89.71577;63.94636;115.3219;19.50215;47.51593;36.15134;29.02402;31.86013
Dec-00;-0.2;3.386809;3.764224;2;59.29485;62.87749;86.17165;63.89025;110.7292;19.60452;47.66193;36.02558;29.16545;32.51366
Jan-01;-0.3;3.732228;3.780324;2.1;59.68874;62.43716;82.83895;64.42542;109.5392;19.86777;48.10216;36.29364;29.4074;33.01121
Feb-01;-0.3;3.533569;3.653519;2.2;60.44955;60.57344;81.11395;64.176;105.8439;20.1237;48.19354;36.44256;29.63988;33.00656
Mar-01;-0.7;2.920561;3.436973;2.6;59.24418;54.83681;79.86016;59.7594;98.22485;20.51126;48.52691;36.69738;29.97423;33.10396
Apr-01;-0.7;3.269119;3.935264;2.5;59.45148;54.41182;84.71093;60.09292;100.0717;20.78913;49.18514;36.95551;30.26702;33.46628
May-01;-0.7;3.61516;4.273698;2.3;61.65229;56.81107;88.97252;63.83125;104.1002;20.88419;49.67312;37.01508;30.46765;33.8966
Jun-01;-0.8;3.24826;4.092971;2.3;62.23463;55.11724;83.13097;62.47472;99.69437;21.36681;50.16139;37.2699;30.72022;34.38509
Jul-01;-0.8;2.719908;3.692335;2.5;61.38217;53.38261;78.87325;60.79872;94.38218;21.78361;50.65431;37.69019;31.08179;34.5248
Aug-01;-0.7;2.719908;3.721988;2.4;61.17264;53.01906;75.72427;59.8657;91.45575;21.87136;51.09038;38.06414;31.43183;34.02536
Sep-01;-0.8;2.648244;3.65291;2.2;56.45944;48.65707;66.64414;54.59542;76.99963;22.29548;51.88517;39.90083;32.45286;34.17837
Oct-01;-0.8;2.126437;3.48241;2.5;58.16849;48.25837;69.13689;55.06464;79.84045;22.74154;52.68431;38.57709;32.20675;34.5533
Nov-01;-1;1.895462;3.238561;2.5;60.258;50.80525;67.74902;56.99183;85.41006;23.17297;53.44241;38.75249;32.47577;34.73763
Dec-01;-1.2;1.551724;3.113456;2.5;61.08971;52.62984;65.63918;57.73238;86.52701;23.75065;54.72408;39.15623;32.96824;35.55535
Jan-02;-1.4;1.142204;3.119401;2.5;62.3467;53.4778;64.67934;57.62083;86.60898;24.13089;55.8343;39.40443;33.35032;35.78315
Feb-02;-1.6;1.137656;3.031665;2.3;62.78725;52.56352;62.47022;56.41106;83.61209;24.53307;57.3497;39.40112;33.68671;35.38183
Mar-02;-1.2;1.475596;3.116358;1.8;62.65004;54.83158;69.91302;59.49042;88.63123;24.70857;59.92787;39.49047;34.11705;35.37639
Apr-02;-1.1;1.639344;2.957295;1.6;61.58253;54.16732;69.84146;58.18821;87.10359;27.01197;65.31028;39.27867;34.63922;35.77089
May-02;-0.9;1.181767;2.561234;1.9;61.26985;53.43659;71.17776;57.0232;83.7081;29.59325;65.40771;39.3581;34.85701;36.18175
Jun-02;-0.7;1.067416;2.402737;1.9;59.95642;50.9911;68.10614;53.90807;75.7339;29.73218;65.82394;39.49047;35.09734;36.74912
Jul-02;-0.8;1.464789;2.570036;1.9;57.24738;46.83861;64.66644;48.25622;67.71396;29.57862;66.35601;39.68241;35.3611;37.04671
Aug-02;-0.9;1.802817;2.706313;1.9;56.7129;45.99965;61.65348;48.70765;64.9175;29.65175;67.10764;39.28529;35.39704;36.66419
Sep-02;-0.7;1.514302;2.529873;2;56.20504;44.37339;59.0576;46.76304;59.44277;29.94424;67.4036;39.58313;35.6909;36.95192
Oct-02;-0.9;2.025886;2.700046;1.9;54.38261;42.88111;56.11748;45.54277;57.26023;30.18555;67.89837;39.84457;36.01597;37.37663
Nov-02;-0.4;2.198422;2.836179;1.9;54.92751;44.99958;55.21952;47.87475;61.61801;30.42686;68.52041;40.0299;36.27897;37.77376
Dec-02;-0.3;2.37691;2.859876;1.9;54.85002;46.06395;54.53042;47.52485;60.00841;30.69011;68.68039;40.38068;36.56593;38.91694
Jan-03;-0.4;2.597403;2.838527;1.8;55.27016;46.8285;54.5878;47.3499;57.91373;30.96066;68.84586;40.61565;36.81109;39.12513
Feb-03;-0.2;2.980877;3.091551;1.8;52.05179;45.48057;54.26355;44.37599;53.27525;31.15079;69.19816;40.97637;37.10345;38.74316
Mar-03;-0.1;3.020134;3.142281;2.2;51.14973;44.45478;51.72439;44.24553;51.36921;31.28241;68.8226;41.01277;37.22274;39.19168
Apr-03;-0.1;2.224694;2.607248;2.6;53.90989;45.23342;50.97083;46.62976;55.54733;31.3336;68.37761;41.36687;37.38537;39.79294
May-03;-0.2;2.057842;2.40954;3.1;54.17116;46.93018;52.84023;49.36493;56.70021;31.44328;68.89286;41.98903;37.76501;40.29951
Jun-03;-0.4;2.112285;2.401926;3.1;55.79207;49.01316;56.67443;52.29276;59.92504;31.70653;69.45527;42.39277;38.15095;40.91982
Jul-03;-0.2;2.109939;2.36121;3.3;55.90426;49.70874;61.15713;52.14394;60.66696;32.07946;69.79121;42.60788;38.45317;41.10452
Aug-03;-0.3;2.158273;2.340636;3.3;57.53238;51.40766;62.25556;52.26897;62.41243;32.53283;70.52165;42.90241;38.80101;40.84876
Sep-03;-0.2;2.320442;2.37695;3.7;58.29767;52.77692;66.95549;53.80064;63.66973;32.96426;70.81479;42.92889;39.03215;41.09267
Oct-03;0;2.040816;2.190141;3.3;59.28762;53.44719;68.54835;55.20531;63.30818;33.33719;71.06105;42.94874;39.29402;41.46657
Nov-03;-0.5;1.76503;2.012824;3.7;58.36786;54.52989;64.92816;56.13243;65.66476;33.60775;71.31448;42.99176;39.56243;41.87966
Dec-03;-0.4;1.879491;2.023577;4;58.915;56.14394;65.23371;58.51985;67.2491;33.82712;71.0024;43.22673;39.79644;42.72488
Jan-04;-0.3;1.926252;1.945455;4.1;60.12669;59.04029;68.32854;61.47464;70.34704;34.10499;71.34294;43.22011;40.13285;43.00303
Feb-04;0;1.693064;1.799899;3.9;60.33166;60.53781;67.34226;62.40279;71.26749;34.39749;71.77258;43.72975;40.59896;42.81473
Mar-04;-0.1;1.737242;1.768455;3.7;62.07179;60.08792;73.33595;61.57739;70.3229;34.45599;71.69527;43.97133;40.78527;43.15252
Apr-04;-0.4;2.285093;2.097479;3.2;62.62614;60.33731;77.43574;61.8445;71.57403;34.35361;71.44903;44.10701;40.98571;43.68589
May-04;-0.5;3.051771;2.564941;2.2;61.77567;57.64899;72.46829;59.72372;68.60185;34.25855;72.11595;44.12356;41.17331;44.02702
Jun-04;0;3.266195;2.71819;1.7;63.73055;58.80555;74.69481;61.33126;70.11012;34.44136;72.25844;44.43464;41.45712;44.52375
Jul-04;-0.1;2.990756;2.621797;1.2;64.23252;58.76984;73.91869;60.38981;68.82024;34.68998;72.85188;44.37176;41.57623;44.8896
Aug-04;-0.2;2.654388;2.495957;1.2;64.03181;57.78826;71.86106;59.49894;67.06214;34.84354;73.36165;44.81852;41.90945;44.59095
Sep-04;0;2.537797;2.383821;0.6;65.817;59.22698;72.31616;61.34568;69.61803;35.19454;73.66916;45.08989;42.20186;44.76765
Oct-04;0.5;3.189189;2.804104;0.6;67.5732;61.3274;71.55228;61.89985;70.75603;35.57478;74.10596;45.08327;42.40795;45.3246
Nov-04;0.8;3.523035;2.950356;0.1;70.31734;62.30326;70.96761;64.97321;72.98433;35.82341;74.15182;45.47709;42.73181;45.77283
Dec-04;0.2;3.255562;2.769282;-0.1;72.38765;63.72378;71.72182;66.84936;74.34522;36.05009;74.17448;45.53665;42.82707;46.42924
Jan-05;-0.1;2.969762;2.517958;-0.6;73.98145;63.42913;73.77236;66.09673;75.63088;36.42302;74.48907;45.24212;42.89785;46.8433
Feb-05;-0.3;3.007519;2.518854;-0.1;75.64436;66.46056;74.76057;67.847;78.31533;36.73014;74.63182;45.37449;43.24155;47.01149
Mar-05;-0.2;3.148346;2.607692;-0.3;76.39803;67.57674;76.85945;68.08076;78.55506;36.95683;75.06259;45.36787;43.48587;47.26161
Apr-05;0;3.510638;2.740266;-0.1;74.07178;66.07714;74.57426;66.29041;77.45888;37.26395;74.97459;44.95421;43.46424;47.74415
May-05;0.2;2.80275;2.386467;0.5;73.35291;66.05225;73.09679;66.47942;77.51306;37.66613;75.33232;45.20572;43.77792;48.27085
Jun-05;-0.5;2.530311;2.205901;0.9;77.21026;68.76427;74.73413;67.7982;80.88806;37.97325;75.62277;45.67234;44.22417;50.43934
Jul-05;-0.3;3.167899;2.55554;0.9;78.44713;71.35077;76.68411;69.14153;83.76424;38.34618;76.1733;45.305;44.29816;52.47311
Aug-05;-0.3;3.641161;2.74065;0.8;80.71861;73.67915;80.03679;70.08316;85.07124;38.68986;76.57341;45.59622;44.60619;52.19022
Sep-05;-0.3;4.686677;3.272202;1.6;82.65424;76.09396;85.9847;71.01159;86.5708;38.90192;77.2749;45.6227;44.86406;52.20817
Oct-05;-0.7;4.347826;3.008451;1.6;80.97231;73.18114;90.18312;69.05574;86.11436;39.09204;77.64234;45.5532;45.07652;52.84792
Nov-05;-0.8;3.455497;2.561313;1.7;83.53863;74.94723;97.02577;71.1132;87.77225;39.31142;77.78496;45.53996;45.18707;53.29134
Dec-05;-0.1;3.415659;2.604377;1.5;84.86364;77.82489;103.9335;72.95638;91.44087;39.72091;78.03093;45.48039;45.36882;54.33843
Jan-06;-0.1;3.985317;2.973346;1.7;88.10584;81.20816;106.6951;74.89481;94.18736;40.06459;78.17841;45.65248;45.76507;54.85478
Feb-06;-0.1;3.597497;2.767947;1.6;88.79287;82.0852;106.5771;75.36825;97.96069;40.43021;78.31643;45.61608;45.9144;54.54171
Mar-06;-0.2;3.362649;2.58526;1.9;90.60796;83.49017;107.4003;76.55873;100.4835;40.94939;78.41766;45.77493;46.13853;54.74184
Apr-06;-0.1;3.545735;2.790067;1.9;95.26215;85.70238;112.4864;78.15821;101.6919;41.43932;78.57074;45.71536;46.33507;55.46928
May-06;0.1;4.166667;3.120511;1.9;94.37208;83.03589;107.5002;78.19043;98.74023;41.76107;78.54222;45.9073;46.7822;56.12231
Jun-06;0.5;4.318766;3.235559;2.2;90.47739;79.09191;98.80879;74.79095;93.1375;42.00238;78.52892;45.5168;46.88457;56.64677
Jul-06;0.3;4.145343;3.16194;2.3;91.49409;81.2915;99.78346;75.96101;95.31667;42.32412;78.55752;45.41751;46.90782;56.82829
Aug-06;0.9;3.818737;3.067842;2.4;91.19547;83.90303;103.2547;77.68768;98.54514;42.6678;78.43816;45.41751;46.96093;56.17606
Sep-06;0.6;2.062374;2.181113;2.7;92.13271;82.20487;103.0801;78.53902;101.0379;42.9603;78.48204;45.15277;46.97012;56.2464
Oct-06;0.4;1.305221;1.758555;2.8;96.23769;83.39114;105.4142;81.02309;105.4807;43.34786;78.27862;45.34802;47.16153;56.62837
Nov-06;0.3;1.973684;2.096922;2.7;98.84087;86.63263;101.8985;82.98521;108.0245;43.65498;78.16118;45.36457;47.33438;56.85743
Dec-06;0.3;2.54065;2.357145;2.7;100.8702;89.5492;106.1304;85.11807;109.3492;44.0206;78.14149;45.22557;47.53289;58.37843
Jan-07;0;2.075643;2.088917;2.6;103.2396;88.94408;109.8054;85.53719;112.4059;44.53978;78.20356;45.39435;47.76292;58.95613
Feb-07;-0.2;2.415199;2.261585;2.6;108.047;92.10006;113.7421;87.57293;115.1754;45.00777;78.343;45.10644;47.68346;58.3186
Mar-07;-0.1;2.778779;2.50509;3;106.7813;90.84308;110.3353;85.42087;111.5946;45.59276;78.36526;45.22226;47.77055;58.7403
Apr-07;0;2.573697;2.415909;3;111.8122;94.35606;110.4867;89.44112;118.3783;46.33131;78.30019;45.60284;47.97672;59.37785
May-07;0;2.690864;2.395538;3;114.7023;97.1953;111.0508;92.02119;121.1871;46.87243;78.26274;45.69881;48.17166;59.70648
Jun-07;-0.2;2.687038;2.37692;2.8;114.8162;97.18142;113.9986;92.69252;121.6621;47.77917;78.36613;45.27852;48.18644;60.42694
Jul-07;0;2.358231;2.192888;2.7;115.0841;98.91542;113.6821;93.54096;121.0841;48.55428;78.35007;45.39766;48.42136;60.86841
Aug-07;-0.2;1.970083;1.977116;2.7;109.438;93.57519;103.5326;88.41669;114.0772;49.20508;78.03276;45.54658;48.63186;60.1145
Sep-07;-0.2;2.755052;2.414717;2.7;115.2777;96.61527;100.6234;91.48969;115.4682;49.68039;78.18446;45.52673;48.8049;60.04743
Oct-07;0.3;3.536175;2.96924;2.6;121.6906;99.14297;104.5118;95.14953;119.884;49.68039;78.43271;45.64917;48.97265;60.3772
Nov-07;0.6;4.306203;3.514559;2.4;118.6068;95.81201;96.81111;91.09004;115.4766;50.06063;78.44999;45.39766;48.98146;60.44658
Dec-07;0.7;4.081269;3.455851;2.4;117.0273;95.35424;97.12053;91.88258;116.3499;50.20688;78.60175;45.45061;49.18644;61.2801
Jan-08;0.7;4.280294;3.622287;2.4;107.2527;92.3514;87.50343;85.92138;106.7133;50.29463;78.49093;45.59291;49.55917;61.39977
Feb-08;1;4.026556;3.587557;2.6;102.6889;93.07788;85.50639;84.64895;101.2172;50.3385;78.33418;45.68226;49.80331;60.60665
Mar-08;1.2;3.981456;3.653141;2.6;95.71703;92.21645;79.11562;82.16946;96.25256;50.11182;78.13743;45.95694;50.01951;60.61378
Apr-08;0.8;3.93689;3.588325;2.5;100.6797;96.87679;83.61765;85.92222;100.9419;49.91438;77.67516;46.04629;50.14536;60.90205
May-08;1.3;4.175543;3.956952;2.2;105.0428;102.0274;88.58059;88.26169;103.0565;49.6877;77.77003;46.11248;50.26337;61.02476
Jun-08;2;5.02179;4.522655;2.2;98.50012;102.6479;89.0054;84.26327;95.49464;50.14838;78.05573;46.48313;50.50668;61.63768
Jul-08;2.3;5.600123;4.928628;2;90.59787;95.26191;83.06715;78.95065;87.54796;50.79918;77.78958;47.02917;50.84704;61.40808
Aug-08;2.1;5.371855;4.776183;1.9;90.48679;93.24463;80.39069;78.31818;88.7233;51.06974;77.83979;46.57579;50.65952;60.42109
Sep-08;2.1;4.936927;4.522325;1.7;89.12305;87.24745;75.19182;74.07194;84.58195;51.66204;77.80856;48.38269;51.69538;60.72192
Oct-08;1.7;3.655186;3.79111;1.2;76.62215;67.9493;58.68178;57.41563;67.80434;52.47372;77.56639;48.7732;52.13912;61.94287
Nov-08;1;1.069575;2.314304;1.4;68.9859;63.07032;55.15506;51.77961;63.16923;54.59431;77.83048;50.12341;53.10286;62.67673
Dec-08;0.4;0.0914129;1.616526;1.6;65.30637;58.98987;53.48485;51.73662;61.4785;56.53941;77.82391;53.00586;54.78209;63.39959
Jan-09;0;0.0298465;1.369479;1.6;65.27052;62.0204;53.17285;51.37847;60.49207;56.91234;77.90027;52.38039;54.68502;64.40118
Feb-09;-0.1;0.2361911;1.418727;1.3;62.66246;58.92724;49.18136;47.38305;56.24406;57.48271;78.10844;51.86413;54.79085;64.92487
Mar-09;-0.3;-0.3835562;0.9694322;1.1;61.71457;57.98178;48.79136;44.39098;51.82874;57.85564;78.17358;52.25132;55.27654;65.19906
Apr-09;-0.1;-0.7368857;0.7098522;0.7;67.55709;64.32034;53.61248;50.01416;58.75082;58.52838;78.10471;53.33348;55.94273;65.95698
May-09;-1.1;-1.281436;0.1635567;0.9;69.62041;69.86866;56.55453;54.52264;63.36657;59.85192;78.3523;53.52873;56.23408;66.67256
Jun-09;-1.8;-1.426776;-0.07298279;0.8;71.69096;72.33577;59.40634;56.05994;63.63773;60.56123;78.41289;54.89549;57.02827;67.5759
Jul-09;-2.2;-2.097161;-0.5907774;0.8;72.18725;71.80637;58.18091;56.34072;64.00575;60.65629;78.26856;55.01794;57.2021;68.28764
Aug-09;-2.2;-1.484349;-0.2645271;0.7;79.63965;75.42292;61.95646;61.60015;70.37932;60.6051;78.41002;54.93521;57.39338;68.33512
Sep-09;-2.2;-1.286206;-0.269665;0.5;83.81728;78.41676;60.42355;63.97417;74.09707;60.64898;78.47772;55.09736;57.75185;68.8764
Oct-09;-2.5;-0.1828483;0.2141614;0.7;86.37919;78.79231;57.70776;65.43233;75.43439;60.86103;78.42392;55.52096;58.23733;69.80252
Nov-09;-1.9;1.838296;1.279707;0.5;85.05152;79.58658;55.15119;66.3718;74.51028;60.5466;78.66174;55.69636;58.64051;70.53905
Dec-09;-1.7;2.721331;1.835427;0.5;85.88583;80.86483;57.62783;67.1647;75.85517;59.6033;78.65617;56.02067;58.89827;71.50208
Jan-10;-1.3;2.625709;2.047504;0.4;87.96689;81.30677;60.27271;67.98261;76.79612;59.04756;78.81624;55.42168;58.74746;72.14962
Feb-10;-1.1;2.143332;1.880165;0.4;83.71229;79.8829;57.75546;65.13094;72.15005;59.25962;78.82589;56.25233;59.41919;72.01267
Mar-10;-1.1;2.313959;2.048219;0.3;87.83688;83.45537;60.43322;68.83686;76.53534;59.72761;78.9819;56.65276;59.79475;71.93511
Apr-10;-1.2;2.236447;2.065787;0.4;89.54694;84.78104;63.63312;71.22054;78.28024;59.94698;79.27307;56.22585;59.7452;72.62392
May-10;-0.9;2.020986;1.945265;0.3;81.85873;82.30941;59.2252;65.55708;70.93457;60.02011;79.83884;56.59319;60.24575;73.56992
Jun-10;-0.7;1.053349;1.460552;-0.2;81.09768;81.45685;56.32634;63.38498;71.07352;60.27604;79.67921;57.3047;60.87811;74.26357
Jul-10;-0.9;1.235193;1.575744;-0.6;79.97715;80.52513;54.57168;63.66211;71.61446;61.18278;79.89049;57.05319;60.98587;74.52048
Aug-10;-0.9;1.148105;1.514828;-0.3;81.31329;81.78944;53.79427;64.83236;72.66797;62.19189;80.13145;57.8706;61.54561;74.12148
Sep-10;-0.6;1.143683;1.629947;-0.1;83.77486;84.8238;54.00055;66.91848;74.28543;62.79882;80.34708;58.44973;61.94003;73.86963
Oct-10;0.2;1.172188;1.780817;0.2;84.78406;87.64761;53.3527;70.07586;76.16564;63.16444;80.71479;58.91966;62.36808;73.93888
Nov-10;0.1;1.143161;1.725069;0.6;85.07821;89.56783;54.72381;71.24583;76.41828;63.36918;80.90456;60.50815;63.3794;74.12376
Dec-10;0;1.495723;1.967159;0.5;86.38565;92.64738;57.70776;73.43909;77.61973;63.70555;81.09613;60.78283;63.78772;74.7778
Jan-11;-0.6;1.631847;2.044385;0.5;86.74475;93.41709;59.51399;75.83663;79.38821;64.24667;81.40597;61.10052;64.22813;74.9696
Feb-11;-0.5;2.107585;2.266823;0.4;88.70717;97.07018;61.14294;78.38196;82.046;64.78779;81.65935;61.88815;64.79568;74.36218
Mar-11;-0.5;2.681603;2.558905;0.2;85.84511;97.16712;56.80851;77.49942;79.14007;65.18997;82.31596;62.76182;65.46148;74.21143
Apr-11;-0.4;3.163631;2.791746;0.4;89.01131;97.37599;54.42342;79.34373;80.68848;65.59215;83.31631;62.77837;65.74685;74.60088
May-11;-0.4;3.568646;3.039087;0.1;85.74635;95.00018;54.20683;78.79452;79.72647;65.6214;83.69212;64.25433;66.59713;74.77334
Jun-11;-0.4;3.558828;3.001552;0.3;82.6988;91.54075;52.99171;75.94405;76.60327;64.72929;83.62271;64.97577;66.98644;75.10978
Jul-11;0.2;3.628716;3.078592;0.3;82.71181;92.72158;55.51476;77.6741;75.91946;63.6763;84.04728;66.05462;67.66849;75.40061
Aug-11;0.2;3.771208;3.164332;-0.1;76.76531;86.53025;50.19857;68.76672;63.68574;63.77868;84.19151;70.00598;69.91728;75.11111
Sep-11;0;3.868357;3.216314;0;74.20028;84.74576;48.607;66.55733;59.6679;64.50992;84.51991;70.15821;70.36395;75.16689
Oct-11;-0.2;3.5252;3.080999;-0.3;76.03514;83.03756;48.34142;67.9489;63.46397;65.02178;84.80904;70.43951;70.66324;75.42598
Nov-11;-0.5;3.394378;3.079345;-0.1;76.3475;83.95289;47.05346;68.64421;61.52987;65.35085;85.07752;72.21001;71.69054;75.61564
Dec-11;-0.2;2.962419;2.850763;0;75.96712;82.75748;47.1927;69.36818;62.38239;65.29234;85.3457;71.67059;71.5203;76.41652
Jan-12;0.1;2.925217;2.792604;0.2;76.36143;85.88154;47.84957;72.31305;65.52468;65.22653;85.55871;72.86526;72.20478;76.68031
Feb-12;0.3;2.871099;2.789743;0.2;77.64388;87.51072;51.52584;75.6142;69.40412;65.16803;85.6794;73.04066;72.35115;76.00882
Mar-12;0.5;2.651398;2.64646;0.4;77.58922;86.92337;54.86885;76.48755;70.38325;65.04372;85.95589;73.72569;72.80733;76.13625
Apr-12;0.4;2.30274;2.463376;0.5;78.87788;84.62113;52.65264;75.34689;66.0906;65.28503;86.17101;74.04008;73.17776;76.57423
May-12;0.2;1.704254;2.064034;0.6;76.62283;81.09511;48.31176;72.17181;62.28695;65.93584;86.15133;74.66555;73.67953;76.98018
Jun-12;-0.2;1.663994;2.000468;1.1;74.01759;80.17008;47.26297;70.76199;60.68549;66.84988;86.36337;75.29764;74.30492;77.93906
Jul-12;-0.4;1.408451;1.881902;1.7;75.5226;81.07572;48.08937;72.79951;63.56952;68.2758;86.64337;76.61145;75.15515;78.72837
Aug-12;-0.4;1.692379;2.057792;2;78.62293;83.05807;48.26471;75.0352;67.52279;69.57009;87.02329;77.9054;75.90611;78.89297
Sep-12;-0.3;1.991282;2.213009;1.5;79.39423;85.56171;47.91854;77.42225;70.21201;70.1624;87.51907;78.98094;76.64917;79.21053
Oct-12;-0.4;2.162344;2.235529;1.9;81.80533;86.0667;47.46215;77.60919;69.80975;70.32327;87.56364;80.08958;77.36938;79.82397
Nov-12;-0.2;1.764134;1.938089;1.4;80.68658;84.82533;48.62183;76.13493;69.82182;70.43295;87.70789;80.78785;77.88728;80.36858
Dec-12;-0.1;1.741022;1.862052;1.3;83.59423;85.765;52.54628;78.39357;72.95261;71.47131;88.18615;81.43317;78.49992;81.12032
Jan-13;-0.3;1.594865;1.727847;1.3;86.72798;88.2803;57.73806;81.92726;75.44898;72.86067;88.60373;81.92295;79.06758;81.12656
Feb-13;-0.7;1.977924;1.816524;1.5;91.01151;88.80955;61.93776;83.34364;74.30003;73.86246;88.96854;81.7608;79.38498;80.73443
Mar-13;-0.9;1.473896;1.57699;1.6;91.72515;89.09897;66.35535;84.68098;75.94781;74.77651;89.44982;81.98914;79.91544;81.21062
Apr-13;-0.7;1.063085;1.267119;1.4;91.00771;85.77365;71.72826;85.15526;74.65344;75.4127;89.65201;82.9687;80.68832;82.15958
May-13;-0.3;1.361965;1.494102;1.5;93.14209;87.77636;77.29199;88.4166;78.6491;76.26824;89.98244;83.65705;81.3739;82.90791
Jun-13;0.2;1.754417;1.807304;1.3;86.95584;85.23157;70.23016;86.20319;75.30694;77.27004;90.81898;83.67029;81.93179;83.45992
Jul-13;0.7;1.960682;1.966571;1.3;89.96494;86.92616;76.55325;88.49967;76.45506;77.54791;91.21566;84.20641;82.55483;83.73116
Aug-13;0.9;1.518368;1.701336;1.1;92.93604;88.02386;73.83617;88.94305;79.78374;77.86234;91.53204;84.58367;83.06962;83.85611
Sep-13;1.1;1.184925;1.496557;1.4;95.20129;89.34368;76.50298;90.11507;81.58591;78.7252;92.02427;85.54007;83.84059;84.23452
Oct-13;1.1;0.9636127;1.303103;1.2;96.25526;91.01359;76.63834;92.16814;84.61816;79.92444;92.36835;86.8241;84.70914;84.69821
Nov-13;1.5;1.237072;1.464869;2;97.72205;93.42351;78.70822;94.64922;86.66119;81.08711;92.69923;87.18813;85.29688;85.3623
Dec-13;1.6;1.501736;1.636709;2;95.01513;93.14001;81.02563;95.09109;85.69329;82.24247;93.22372;88.17101;86.18861;85.83901
Jan-14;1.4;1.578947;1.655646;2.2;96.18234;95.7065;82.49344;95.98233;88.34238;83.14189;93.82593;89.31604;87.1664;85.73651
Feb-14;1.5;1.126349;1.455063;2.1;96.73953;97.41881;77.41898;95.36447;88.68092;83.56601;93.78331;90.16985;87.8998;85.60366
Mar-14;1.6;1.512203;1.58014;2.1;97.89485;99.59733;76.60934;97.53705;88.97874;84.18756;93.98934;91.05345;88.58337;85.93678
Apr-14;3.4;1.952858;2.031445;2.3;99.24743;100.7263;75.46642;98.45526;90.68548;85.10892;94.22448;91.77489;89.13371;86.4977
May-14;3.7;2.127111;2.093823;1.9;99.6807;102.0304;75.76424;99.72694;91.14529;85.89866;94.27419;92.37388;89.66622;87.25423
Jun-14;3.6;2.072341;2.070789;1.5;99.04755;104.3338;80.33395;102.1338;93.04795;86.90778;94.69924;93.55862;90.53157;88.06279
Jul-14;3.4;1.992329;1.974722;1.4;100.6367;106.4434;82.20078;102.8774;90.47438;87.83645;94.88183;94.08482;91.14944;88.49856
Aug-14;3.3;1.699611;1.834544;1.5;101.4328;107.2668;81.96356;101.5284;87.39693;88.31175;95.3473;92.80079;90.95622;88.87156
Sep-14;3.2;1.657919;1.758567;1.4;99.80123;107.1606;84.71029;102.3879;90.96001;89.13805;95.85211;94.81949;92.25581;89.47679
Oct-14;2.9;1.66434;1.757526;1.7;97.03217;100.7782;80.80453;98.07211;85.39798;89.94973;96.26186;95.0015;92.79793;90.09969
Nov-14;2.4;1.322355;1.545922;1.2;98.87231;103.387;89.18202;102.2602;88.62;90.62247;97.06113;95.60049;93.5538;91.2006
Dec-14;2.4;0.7564933;1.133069;1.3;96.76395;100.1089;90.98632;101.3765;89.9124;91.85826;97.54483;97.32467;94.78706;93.26067
Jan-15;2.4;-0.08934832;0.5865038;1;98.78583;100.9038;89.62939;100.0791;91.80496;93.08675;97.95612;97.33791;95.27575;95.02751
Feb-15;2.2;-0.0251298;0.6472073;1;106.3397;105.7285;94.07663;102.7756;99.14811;94.66622;98.35825;99.4592;96.80953;95.76825
Mar-15;2.3;-0.07363739;0.6902879;0.8;107.2095;104.0623;100.1631;102.2537;104.9504;96.26032;98.72688;99.22754;97.27637;96.46939
Apr-15;0.6;-0.1995174;0.553615;0.7;107.4749;106.6098;102.6604;103.8488;107.5063;97.34255;98.93372;99.25402;98.22959;97.59657
May-15;0.5;-0.03993275;0.6890593;1;103.8753;105.4901;104.4679;104.4068;104.8303;98.4906;99.54959;98.6815;98.89818;99.04764
Jun-15;0.4;0.1237712;0.7022011;1.3;101.2482;103.4648;106.5378;103.1632;102.177;99.3754;99.80354;99.97215;99.92637;100.297
Jul-15;0.2;0.1695698;0.6815616;1.4;101.7224;100.7142;105.616;101.6938;102.8282;100.5966;100.1538;100.634;100.7942;101.1342
Aug-15;0.2;0.1950793;0.6694473;1.2;97.80973;97.85998;104.0154;98.64014;100.1312;101.9859;100.7015;100.2402;101.2621;101.5674
Sep-15;0;-0.03612975;0.5324698;0.7;92.4131;93.99223;93.87422;93.22412;92.8857;103.0535;100.8969;100.8359;102.1127;101.8035
Oct-15;0.3;0.1705744;0.6849182;0.3;95.34311;95.97256;97.11602;96.70031;96.0555;104.2747;101.3267;99.90265;102.1832;102.6689
Nov-15;0.3;0.5017976;0.8039516;0.1;94.15915;93.61954;101.9017;97.66068;100.5562;105.2838;101.629;102.0041;103.397;103.889
Dec-15;0.2;0.7295198;0.9626486;0.3;93.61902;91.58231;99.94139;95.55367;97.12614;105.5836;101.9639;102.4509;103.8349;104.7307
Jan-16;-0.1;1.373087;1.286163;0.4;90.90173;86.42041;91.55745;89.20781;90.36546;106.2783;102.3897;102.4873;104.2861;105.3134
Feb-16;0.2;1.0178;1.060954;-0.2;89.40309;88.01437;85.20278;88.24099;85.4269;107.3459;103.1507;103.5429;105.4172;105.7619
Mar-16;0;0.8525362;0.9385251;-0.3;92.95984;93.31869;87.52148;94.19507;90.35648;108.0625;104.1465;104.3769;106.3747;106.2022
Apr-16;-0.3;1.12511;0.9473283;-0.3;92.92297;95.19677;86.11491;96.83752;90.7885;108.6475;105.6306;105.8495;107.53;107.2077
May-16;-0.5;1.019323;0.9190224;-0.3;97.25519;96.62364;85.71719;96.83658;89.69597;108.9693;106.1956;107.1435;108.5154;108.3636
Jun-16;-0.4;0.9973265;1.004873;-0.3;95.5705;97.93118;83.08069;97.52459;87.63414;109.3568;106.8394;107.4248;109.3072;109.0458
Jul-16;-0.4;0.8271388;0.9927759;0.9;98.37916;100.6193;83.3192;99.99921;87.82053;110.0369;107.6318;107.4215;110.0118;109.8385
Aug-16;-0.5;1.062875;1.057195;0.9;100.4943;102.3534;84.08436;101.048;90.72702;110.3221;108.2242;109.8472;111.5707;110.3168
Sep-16;-0.5;1.463784;1.284575;1.3;97.55026;102.1077;86.00597;100.2302;91.37519;110.7315;108.7678;110.1252;112.0053;110.4511
Oct-16;0.1;1.635988;1.451925;1.6;98.73435;102.5932;87.66717;99.05186;92.03178;111.397;109.6021;110.3139;112.558;111.0986
Nov-16;0.5;1.692537;1.542055;2;97.31811;103.3672;90.84837;99.85423;91.10402;112.6328;110.3979;111.0287;113.5608;112.3764
Dec-16;0.3;2.074622;1.877105;1.9;101.3498;106.4306;98.21703;103.8437;96.24695;114.1391;111.317;110.5621;114.0193;113.5677
Jan-17;0.4;2.500042;2.358675;2.2;103.9004;107.9394;98.87454;105.0235;98.9314;115.4407;112.17;112.2267;115.4647;113.866
Feb-17;0.3;2.737958;2.550877;3;104.2281;109.1398;99.11692;106.9744;99.15401;116.6985;112.9257;112.6072;116.1539;114.0585
Mar-17;0.2;2.380612;2.358317;3.4;105.1043;108.2026;100.0903;107.798;102.6455;117.437;113.3671;114.1891;117.4308;115.052
Apr-17;0.4;2.19969;2.396536;4.1;107.0456;109.0509;96.35859;107.2743;104.8432;118.3803;113.8726;114.2123;118.0674;116.5409
May-17;0.4;1.874878;2.160127;4.9;105.8738;107.9957;101.1307;108.3879;108.6536;119.5649;114.2421;116.36;119.4714;117.5534
Jun-17;0.4;1.633488;1.971898;5;104.4181;106.7628;103.3824;109.9261;107.6759;120.3839;114.9745;116.6513;119.8434;118.4192
Jul-17;0.4;1.727978;2.006961;5.1;104.3709;105.6894;104.4557;111.1847;106.0637;120.8592;115.6595;117.4356;120.5313;119.268
Aug-17;0.7;1.938974;2.220444;5.9;104.4717;105.4141;103.9857;110.9526;105.2842;121.2029;116.2441;118.7328;121.5201;119.7103
Sep-17;0.7;2.232964;2.37821;7.4;103.7574;106.5621;105.6405;112.8619;106.8775;121.5319;116.9884;118.1835;121.7188;120.3145
Oct-17;0.2;2.041129;2.223875;7.4;105.9961;110.3385;110.8845;115.6323;109.9482;122.1901;117.7472;119.3451;122.8224;120.9046
Nov-17;0.6;2.202583;2.411916;8.1;108.8582;111.8084;114.9662;115.9486;109.9527;123.5063;118.4754;120.1625;123.7136;121.7246
Dec-17;1;2.109082;2.344282;8.6;109.7494;112.2785;116.6513;119.0448;109.3862;124.7933;118.9911;119.4874;123.8033;122.8345
Jan-18;1.4;2.070508;2.194769;8.9;110.3326;113.464;120.802;124.2432;111.6844;125.6049;119.714;120.9964;124.8141;123.1769
Feb-18;1.5;2.211795;2.21083;9.1;108.2396;107.6199;113.7653;119.4891;106.8396;126.2265;120.1521;119.7654;124.5483;123.104
Mar-18;1.1;2.359711;2.284718;9.9;107.4866;107.9901;110.6344;118.0817;105.4975;126.7384;120.587;121.2347;125.6529;123.6815
Apr-18;0.6;2.462744;2.273136;10.6;106.5189;107.2621;112.1202;117.4013;107.4639;127.0236;121.0581;120.9633;125.875;124.5922
May-18;0.7;2.801012;2.612336;10.1;110.4375;111.3948;114.9275;118.3035;110.1094;127.4477;121.2597;120.8177;126.3662;125.8172
Jun-18;0.7;2.871548;2.790007;9.2;111.1684;113.3493;113.6132;118.5999;107.6366;127.5062;122.3798;120.8641;127.2029;127.358
Jul-18;0.9;2.949515;2.888298;;113.7427;114.5507;111.4653;119.5296;107.7382;126.7384;122.9454;121.7013;127.9544;128.0374
Aug-18;1.3;2.69918;2.897105;;114.5102;113.9279;110.9412;121.2815;107.3609;126.7749;123.4519;122.2209;128.4025;128.0014
Sep-18;1.2;2.276972;2.913537;;112.6868;112.5069;112.7055;122.2612;105.6573;127.0747;124.0555;122.5055;129.0724;128.5703
Oct-18;1.4;2.52247;3.109921;;108.1136;107.8389;110.0826;117.4184;100.7757;127.0162;124.6026;123.3792;129.9604;129.1878
Nov-18;0.8;2.176601;2.706597;;105.1629;105.6134;106.102;115.5294;98.61532;127.2649;125.0079;122.6313;129.6831;130.0123
Dec-18;0.3;1.910159;2.391598;;102.0617;100.9393;100.4797;108.7552;93.84237;127.9815;125.5458;124.5441;130.6899;131.1335
Jan-19;0.2;1.551235;2.112055;;105.4888;104.6165;98.93965;111.1662;95.42643;128.6908;126.0465;124.2595;130.7794;131.1836
Feb-19;0.2;1.520135;2.092934;;110.6188;110.2759;102.4915;117.2234;99.66153;128.9613;126.6699;124.5275;131.0913;131.2016
Mar-19;0.5;1.862523;2.282127;;112.5764;112.4168;103.3572;118.283;102.6629;129.3196;127.356;123.5579;130.7448;132.6178
Apr-19;0.9;1.99644;2.486057;;114.2022;114.9087;104.3061;121.0378;106.4943;130.2556;127.9935;124.928;131.7793;134.0731
May-19;0.7;1.790228;2.265893;;116.0654;113.8178;100.5274;118.6425;103.6909;131.1112;128.3297;125.1993;132.1808;135.1288
Jun-19;0.7;1.648485;2.083124;;119.0778;113.8331;99.27679;120.1735;103.7838;131.9594;128.4784;126.5628;133.1487;136.5659
Jul-19;0.5;1.811465;2.158565;;122.3036;115.1347;101.4176;123.43;106.6692;140.6539;128.8358;127.635;134.3534;137.5387
Aug-19;0.3;1.74978;1.962732;;119.1399;113.2873;96.7705;118.284;102.0647;149.3117;129.4623;127.7045;135.1245;138.4696
Sep-19;0.2;1.711305;1.679328;;121.3623;116.2679;102.0022;121.7589;106.5836;150.7669;130.1492;129.0646;136.4246;139.1835
Oct-19;0.2;1.764043;1.650366;;121.0252;114.3991;104.2139;121.3509;107.4636;152.9314;130.8619;130.2328;137.5716;139.6529
Nov-19;0.5;2.051278;1.89664;;122.8383;118.0409;109.3213;125.887;111.8338;155.1251;131.8145;130.8947;138.5695;141.108
Dec-19;0.8;2.28513;2.168471;;123.2157;118.7978;111.161;128.5203;112.7054;156.6753;132.7853;132.6089;140.2646;142.1329
Jan-20;0.7;2.486572;2.378161;;126.5437;121.1244;110.8787;130.9052;114.1988;158.4888;133.4891;132.1622;140.5321;141.7821
Feb-20;0.4;2.334874;2.273155;;127.1267;122.4475;107.8232;128.6936;114.2796;160.3096;134.2708;132.47;141.485;142.0779
Mar-20;0.4;1.539327;1.750761;;98.79449;95.94145;89.017;100.458;86.59691;167.3075;135.3529;141.0412;148.2564;145.1264
Apr-20;0.1;0.3290967;0.8624601;;96.87128;98.16383;91.1507;101.8041;87.25377;176.6454;137.1302;158.1803;160.2778;148.9115
May-20;0.1;0.1179264;0.7153091;;100.1817;103.8505;95.40068;105.6555;90.40842;180.404;140.0341;537.2034;378.6688;151.8388
Jun-20;0.1;0.6457331;1.094088;;108.0161;107.9628;102.2208;113.1662;99.34293;182.4661;144.2449;548.1442;386.6078;154.0342
Jul-20;0.3;0.9860818;1.206682;;109.4515;111.0523;100.6782;115.0943;101.615;185.3472;145.7265;554.7728;391.4654;155.0724
Aug-20;0.2;1.309645;1.283929;;110.8687;115.52;102.6739;120.638;101.5684;188.2063;147.5068;559.1709;395.1227;155.7699
Sep-20;0;1.371325;1.30369;;107.7882;113.2146;105.3336;119.7456;100.8304;190.868;148.6516;567.9341;401.2217;156.6384
Oct-20;-0.4;1.182066;1.184673;;110.7327;113.2708;105.0107;121.4711;99.67136;193.8003;149.2885;574.6785;406.0522;157.9797
Nov-20;-0.9;1.174536;1.176731;;116.6687;116.7689;110.2328;128.248;106.0354;197.1421;150.3729;583.3292;411.9327;159.9118
Dec-20;-1.2;1.362005;1.249233;;121.2146;122.2525;114.8566;134.5941;110.6379;200.1767;151.379;590.2027;416.722;161.9185
Jan-21;-0.7;1.39977;1.565045;;122.2562;124.2181;118.6747;138.8357;113.0933;203.3869;152.6277;599.2173;422.9941;163.1816
Feb-21;-0.5;1.676215;1.754685;;124.106;127.3483;123.3508;142.3429;115.0985;206.3996;153.8812;607.8349;428.9862;164.1312
Mar-21;-0.4;2.619762;2.400738;;123.1871;130.1205;125.5606;144.9649;118.5624;208.213;154.5597;616.9058;434.5616;165.396
Apr-21;-1.1;4.159695;3.339406;;127.3157;133.6261;125.05;150.286;123.4095;209.8437;155.1667;626.3772;439.931;166.7518
May-21;-0.8;4.992707;3.857556;;128.6689;135.6217;122.9105;153.5066;124.5916;211.606;155.8853;637.3642;445.8109;168.3217
Jun-21;-0.5;5.391451;4.048694;;132.8794;140.2464;125.9228;155.2178;127.813;214.3335;156.6191;639.3499;448.2657;170.1667
Jul-21;-0.3;5.365475;4.242793;;133.6056;140.6317;124.3719;154.7849;127.3939;218.3261;157.3707;645.0585;452.1993;171.995
Aug-21;-0.4;5.251272;4.363475;;136.9542;142.6497;124.4789;156.6078;131.5263;221.9018;158.2148;652.8917;457.1522;173.2122
Sep-21;0.2;5.390349;4.607158;;134.6871;143.1405;133.0395;155.121;130.6774;225.207;158.9768;657.6505;460.8444;174.146
Oct-21;0.1;6.221869;5.24495;;133.6132;144.7816;128.3724;156.8541;129.5189;228.8705;160.0602;663.9681;465.0924;175.3139
Nov-21;0.6;6.809003;5.871463;;134.4745;149.5152;130.4829;159.9428;134.3893;232.7388;161.0536;671.1262;469.9253;176.5998
Dec-21;0.8;7.036403;6.559142;;133.9538;146.0664;127.4835;157.3382;131.6776;236.8337;161.8692;676.1167;473.117;178.1494
Jan-22;0.5;7.479873;7.215383;;132.732;146.7475;126.2342;158.1003;132.227;240.1243;162.6409;681.2462;475.9667;178.584
Feb-22;0.9;7.871064;7.807868;;130.412;147.9952;123.6441;155.2735;127.0804;242.1206;163.6937;683.7448;478.2531;178.8085
Mar-22;1.2;8.542456;8.83237;;131.7159;150.8203;121.6103;152.9557;118.4808;243.7001;164.2853;685.0056;479.6768;180.1373
Apr-22;2.5;8.25863;9.265716;;136.101;150.6322;122.6204;153.5939;120.439;245.3527;164.4819;682.3085;478.4975;181.4576
May-22;2.5;8.581511;9.750242;;130.435;142.2092;121.2945;144.4183;116.0843;246.6908;164.3773;682.6394;478.2908;182.5464
Jun-22;2.4;9.059758;10.38887;;123.8231;137.703;122.2176;139.7295;112.172;246.625;165.4142;680.2865;477.5217;183.4769
Jul-22;2.6;8.524815;10.35664;;122.0088;131.9919;122.9743;137.4874;109.5836;244.6872;166.111;679.4955;476.471;184.5708
Aug-22;3;8.262692;10.37362;;128.0332;138.5578;126.5281;144.2186;114.6805;242.2303;166.9771;677.5033;475.0468;185.381
Sep-22;3;8.20167;10.66011;;122.6224;133.5429;123.9406;135.1335;107.339;241.1042;167.4317;671.2487;473.184;185.2584
Oct-22;3.7;7.745427;10.78976;;122.6354;131.5332;122.1911;131.9779;106.251;241.0164;167.9761;665.1892;469.9176;183.6869
Nov-22;3.8;7.110323;10.37915;;129.3073;138.8564;126.8434;142.0909;116.276;240.6508;169.1462;659.7454;466.5993;182.0562
Dec-22;4;6.454401;9.438622;;130.5719;137.6451;124.7155;143.193;117.3453;240.4753;169.5559;651.472;;181.167
Jan-23;;6.410147;;;132.9896;140.9926;123.7956;147.018;123.4687;;;;;
